MODEL,GC,x,scoreGC,scoreShared,scoreSign,score
dominant,1.396,107,0.604,0.356666666666667,0,0.960666666666667
general,3.254,197,-1.254,0.656666666666667,0.0144927536231884,-0.582840579710145
additive,3.254,194,-1.254,0.646666666666667,0.0144927536231884,-0.592840579710145
