MODEL,GC,x,scoreGC,scoreShared,scoreSign,score
dominant,1.396,219,0.604,0.365,0,0.969
general,3.254,394,-1.254,0.656666666666667,0.0144927536231884,-0.582840579710145
additive,3.254,387,-1.254,0.645,0.0144927536231884,-0.594507246376812
