MODEL,GC,x,scoreGC,scoreShared,scoreSign,score
additive,0.947,711,0.947,0.444375,0.2,1.591375
general,0.926,710,0.926,0.44375,0.2,1.56975
2-dom-alt,1.015,445,0.985,0.278125,0.2,1.463125
diplo-additive,0.963,769,0.963,0.480625,0,1.443625
diplo-general,0.968,748,0.968,0.4675,0,1.4355
1-dom-ref,0.974,534,0.974,0.33375,0,1.30775
1-dom-alt,1.025,532,0.975,0.3325,0,1.3075
2-dom-ref,0.989,425,0.989,0.265625,0,1.254625
