MODEL,GC,x,scoreGC,scoreShared,scoreSign,score
dominant,1.396,10,0.604,0.333333333333333,0,0.937333333333333
general,3.254,19,-1.254,0.633333333333333,0.05,-0.570666666666667
additive,3.254,19,-1.254,0.633333333333333,0.05,-0.570666666666667
