MODEL,GC,x,scoreGC,scoreShared,scoreSign,score
dominant,1.396,54,0.604,0.36,0,0.964
general,3.254,99,-1.254,0.66,0.0144927536231884,-0.579507246376812
additive,3.254,99,-1.254,0.66,0.0144927536231884,-0.579507246376812
