MODEL,GC,x,scoreGC,scoreShared,scoreSign,score
additive,0.947,323,0.947,0.40375,0.2,1.55075
general,0.926,338,0.926,0.4225,0.2,1.5485
2-dom-alt,1.015,191,0.985,0.23875,0.2,1.42375
diplo-general,0.968,355,0.968,0.44375,0,1.41175
diplo-additive,0.963,349,0.963,0.43625,0,1.39925
1-dom-ref,0.974,250,0.974,0.3125,0,1.2865
1-dom-alt,1.025,243,0.975,0.30375,0,1.27875
2-dom-ref,0.989,197,0.989,0.24625,0,1.23525
