MODEL,GC,SHAREDNSPS,scoreGC,scoreShared,scoreSign,score
diplo-additive,0.977,221,0.977,0.736666666666667,0,1.71366666666667
additive,0.977,221,0.977,0.736666666666667,0,1.71366666666667
general,0.871,213,0.871,0.71,0,1.581
diplo-general,0.871,213,0.871,0.71,0,1.581
1-dom-alt,0.967,149,0.967,0.496666666666667,0,1.46366666666667
1-dom-ref,0.875,117,0.875,0.39,0,1.265
