MODEL,GC,SHAREDNSPS,scoreGC,scoreShared,scoreSign,score
general,0.869,301,0.869,0.501666666666667,0,1.37066666666667
dominant,0.6,349,0.6,0.581666666666667,0,1.18166666666667
additive,0.515,346,0.515,0.576666666666667,0,1.09166666666667
