MODEL,GC,SHAREDNSPS,scoreGC,scoreShared,scoreSign,score
general,0.869,74,0.869,0.493333333333333,0,1.36233333333333
dominant,0.6,77,0.6,0.513333333333333,0,1.11333333333333
additive,0.515,77,0.515,0.513333333333333,0,1.02833333333333
