MODEL,GC,SHAREDNSPS,scoreGC,scoreShared,scoreSign,score
diplo-additive,0.977,38,0.977,0.633333333333333,0,1.61033333333333
additive,0.977,38,0.977,0.633333333333333,0,1.61033333333333
general,0.871,33,0.871,0.55,0,1.421
diplo-general,0.871,33,0.871,0.55,0,1.421
1-dom-alt,0.967,26,0.967,0.433333333333333,0,1.40033333333333
1-dom-ref,0.875,24,0.875,0.4,0,1.275
