MODEL,GC,SHAREDNSPS,scoreGC,scoreShared,scoreSign,score
diplo-additive,0.977,459,0.977,0.765,0,1.742
additive,0.977,459,0.977,0.765,0,1.742
general,0.871,453,0.871,0.755,0,1.626
diplo-general,0.871,453,0.871,0.755,0,1.626
1-dom-alt,0.967,301,0.967,0.501666666666667,0,1.46866666666667
1-dom-ref,0.875,273,0.875,0.455,0,1.33
