MODEL,GC,SHAREDNSPS,scoreGC,scoreShared,scoreSign,score
diplo-additive,0.977,949,0.977,0.790833333333333,0,1.76783333333333
additive,0.977,949,0.977,0.790833333333333,0,1.76783333333333
general,0.871,937,0.871,0.780833333333333,0,1.65183333333333
diplo-general,0.871,937,0.871,0.780833333333333,0,1.65183333333333
1-dom-alt,0.967,620,0.967,0.516666666666667,0,1.48366666666667
1-dom-ref,0.875,616,0.875,0.513333333333333,0,1.38833333333333
