MODEL,GC,SHAREDNSPS,scoreGC,scoreShared,scoreSign,score
general,0.869,143,0.869,0.476666666666667,0,1.34566666666667
dominant,0.6,153,0.6,0.51,0,1.11
additive,0.515,158,0.515,0.526666666666667,0,1.04166666666667
