MODEL,GC,SHAREDNSPS,scoreGC,scoreShared,scoreSign,score
diplo-additive,0.977,9,0.977,0.15,0,1.127
additive,0.977,9,0.977,0.15,0,1.127
1-dom-alt,0.967,5,0.967,0.0833333333333333,0,1.05033333333333
1-dom-ref,0.875,7,0.875,0.116666666666667,0,0.991666666666667
general,0.871,6,0.871,0.1,0,0.971
diplo-general,0.871,6,0.871,0.1,0,0.971
