MODEL,GC,SHAREDNSPS,scoreGC,scoreShared,scoreSign,score
diplo-additive,0.977,9,0.977,0.03,0,1.007
additive,0.977,9,0.977,0.03,0,1.007
1-dom-alt,0.967,5,0.967,0.0166666666666667,0,0.983666666666667
1-dom-ref,0.875,7,0.875,0.0233333333333333,0,0.898333333333333
general,0.871,6,0.871,0.02,0,0.891
diplo-general,0.871,6,0.871,0.02,0,0.891
