MODEL,GC,SHAREDNSPS,scoreGC,scoreShared,scoreSign,score
diplo-additive,0.977,9,0.977,0.015,0,0.992
additive,0.977,9,0.977,0.015,0,0.992
1-dom-alt,0.967,5,0.967,0.00833333333333333,0,0.975333333333333
1-dom-ref,0.875,7,0.875,0.0116666666666667,0,0.886666666666667
general,0.871,6,0.871,0.01,0,0.881
diplo-general,0.871,6,0.871,0.01,0,0.881
