MODEL,GC,SHAREDNSPS,scoreGC,scoreShared,scoreSign,score
diplo-additive,0.977,9,0.977,0.0075,0,0.9845
additive,0.977,9,0.977,0.0075,0,0.9845
1-dom-alt,0.967,5,0.967,0.00416666666666667,0,0.971166666666667
1-dom-ref,0.875,7,0.875,0.00583333333333333,0,0.880833333333333
general,0.871,6,0.871,0.005,0,0.876
diplo-general,0.871,6,0.871,0.005,0,0.876
