MODEL,GC,SHAREDNSPS,scoreGC,scoreShared,scoreSign,score
general,0.995,136,0.995,0.453333333333333,0,1.44833333333333
additive,0.831,183,0.831,0.61,0,1.441
dominant,0.785,173,0.785,0.576666666666667,0,1.36166666666667
