MODEL,GC,x,scoreGC,scoreShared,scoreSign,score
additive,0.994,817,0.994,0.510625,0.25,1.754625
general,0.987,778,0.987,0.48625,0,1.47325
diplo-general,0.941,838,0.941,0.52375,0,1.46475
diplo-additive,0.908,849,0.908,0.530625,0,1.438625
2-dom-alt,1.132,513,0.868,0.320625,0.25,1.438625
2-dom-ref,1.032,493,0.968,0.308125,0,1.276125
1-dom-ref,0.881,612,0.881,0.3825,0,1.2635
1-dom-alt,1.106,584,0.894,0.365,0,1.259
