MODEL,GC,x,scoreGC,scoreShared,scoreSign,score
additive,0.994,370,0.994,0.4625,0.25,1.7065
general,0.987,356,0.987,0.445,0,1.432
diplo-general,0.941,383,0.941,0.47875,0,1.41975
diplo-additive,0.908,387,0.908,0.48375,0,1.39175
2-dom-alt,1.132,202,0.868,0.2525,0.25,1.3705
1-dom-ref,0.881,293,0.881,0.36625,0,1.24725
2-dom-ref,1.032,207,0.968,0.25875,0,1.22675
1-dom-alt,1.106,246,0.894,0.3075,0,1.2015
