MODEL,GC,SHAREDNSPS,scoreGC,scoreShared,scoreSign,score
general,0.995,19,0.995,0.633333333333333,0,1.62833333333333
additive,0.831,20,0.831,0.666666666666667,0,1.49766666666667
dominant,0.785,19,0.785,0.633333333333333,0,1.41833333333333
