MODEL,GC,SHAREDNSPS,scoreGC,scoreShared,scoreSign,score
diplo-additive,0.994,949,0.994,0.790833333333333,0,1.78483333333333
additive,0.994,949,0.994,0.790833333333333,0,1.78483333333333
general,0.986,946,0.986,0.788333333333333,0,1.77433333333333
diplo-general,0.986,946,0.986,0.788333333333333,0,1.77433333333333
1-dom-ref,0.982,598,0.982,0.498333333333333,0,1.48033333333333
1-dom-alt,1.065,592,0.935,0.493333333333333,0,1.42833333333333
