MODEL,GC,SHAREDNSPS,scoreGC,scoreShared,scoreSign,score
diplo-additive,0.994,478,0.994,0.796666666666667,0,1.79066666666667
additive,0.994,478,0.994,0.796666666666667,0,1.79066666666667
general,0.986,477,0.986,0.795,0,1.781
diplo-general,0.986,477,0.986,0.795,0,1.781
1-dom-ref,0.982,306,0.982,0.51,0,1.492
1-dom-alt,1.065,276,0.935,0.46,0,1.395
