MODEL,GC,SHAREDNSPS,scoreGC,scoreShared,scoreSign,score
diplo-additive,0.994,234,0.994,0.78,0,1.774
additive,0.994,234,0.994,0.78,0,1.774
general,0.986,231,0.986,0.77,0,1.756
diplo-general,0.986,231,0.986,0.77,0,1.756
1-dom-ref,0.982,152,0.982,0.506666666666667,0,1.48866666666667
1-dom-alt,1.065,134,0.935,0.446666666666667,0,1.38166666666667
