MODEL,GC,SHAREDNSPS,scoreGC,scoreShared,scoreSign,score
general,1.01,136,0.99,0.453333333333333,0,1.44333333333333
additive,0.824,183,0.824,0.61,0,1.434
dominant,0.768,173,0.768,0.576666666666667,0,1.34466666666667
