MODEL,GC,SHAREDNSPS,scoreGC,scoreShared,scoreSign,score
general,1.01,19,0.99,0.633333333333333,0,1.62333333333333
additive,0.824,20,0.824,0.666666666666667,0,1.49066666666667
dominant,0.768,19,0.768,0.633333333333333,0,1.40133333333333
