MODEL,GC,SHAREDNSPS,scoreGC,scoreShared,scoreSign,score
diplo-additive,0.994,39,0.994,0.65,0,1.644
additive,0.994,39,0.994,0.65,0,1.644
general,0.986,37,0.986,0.616666666666667,0,1.60266666666667
diplo-general,0.986,37,0.986,0.616666666666667,0,1.60266666666667
1-dom-ref,0.982,30,0.982,0.5,0,1.482
1-dom-alt,1.065,22,0.935,0.366666666666667,0,1.30166666666667
