MODEL,GC,SHAREDNSPS,scoreGC,scoreShared,scoreSign,score
additive,0.824,374,0.824,0.623333333333333,0,1.44733333333333
general,1.01,270,0.99,0.45,0,1.44
dominant,0.768,366,0.768,0.61,0,1.378
