MODEL	GC	x	score
general	1.169	61	1.23766666666667
dominant	0.542	93	1.162
additive	0.441	92	1.05433333333333
