MODEL,GC,SHAREDNSPS,scoreGC,scoreShared,scoreSign,score
diplo-additive,0.985,935,0.985,0.779166666666667,0,1.76416666666667
additive,0.985,935,0.985,0.779166666666667,0,1.76416666666667
general,1.015,929,0.985,0.774166666666667,0,1.75916666666667
diplo-general,1.015,929,0.985,0.774166666666667,0,1.75916666666667
1-dom-ref,1.127,664,0.873,0.553333333333333,0,1.42633333333333
1-dom-alt,0.849,612,0.849,0.51,0,1.359
