MODEL,GC,SHAREDNSPS,scoreGC,scoreShared,scoreSign,score
general,1.072,301,0.928,0.501666666666667,0,1.42966666666667
additive,1.16,351,0.84,0.585,0,1.425
dominant,1.189,348,0.811,0.58,0,1.391
