MODEL,GC,SHAREDNSPS,scoreGC,scoreShared,scoreSign,score
diplo-additive,0.985,38,0.985,0.633333333333333,0,1.61833333333333
additive,0.985,38,0.985,0.633333333333333,0,1.61833333333333
general,1.015,33,0.985,0.55,0,1.535
diplo-general,1.015,33,0.985,0.55,0,1.535
1-dom-ref,1.127,30,0.873,0.5,0,1.373
1-dom-alt,0.849,20,0.849,0.333333333333333,0,1.18233333333333
