MODEL,GC,SHAREDNSPS,scoreGC,scoreShared,scoreSign,score
general,1.015,464,0.985,0.773333333333333,0,1.75833333333333
diplo-general,1.015,464,0.985,0.773333333333333,0,1.75833333333333
diplo-additive,0.985,463,0.985,0.771666666666667,0,1.75666666666667
additive,0.985,463,0.985,0.771666666666667,0,1.75666666666667
1-dom-ref,1.127,289,0.873,0.481666666666667,0,1.35466666666667
1-dom-alt,0.849,299,0.849,0.498333333333333,0,1.34733333333333
