MODEL,GC,SHAREDNSPS,scoreGC,scoreShared,scoreSign,score
general,1.072,77,0.928,0.513333333333333,0,1.44133333333333
additive,1.16,80,0.84,0.533333333333333,0,1.37333333333333
dominant,1.189,81,0.811,0.54,0,1.351
