MODEL,GC,SHAREDNSPS,scoreGC,scoreShared,scoreSign,score
general,1.015,224,0.985,0.746666666666667,0,1.73166666666667
diplo-general,1.015,224,0.985,0.746666666666667,0,1.73166666666667
diplo-additive,0.985,224,0.985,0.746666666666667,0,1.73166666666667
additive,0.985,224,0.985,0.746666666666667,0,1.73166666666667
1-dom-ref,1.127,146,0.873,0.486666666666667,0,1.35966666666667
1-dom-alt,0.849,138,0.849,0.46,0,1.309
