MODEL,GC,SHAREDNSPS,scoreGC,scoreShared,scoreSign,score
general,1.072,145,0.928,0.483333333333333,0,1.41133333333333
additive,1.16,156,0.84,0.52,0,1.36
dominant,1.189,155,0.811,0.516666666666667,0,1.32766666666667
