MODEL,GC,SHAREDNSPS,scoreGC,scoreShared,scoreSign,score
general,1.072,18,0.928,0.6,0,1.528
dominant,1.189,19,0.811,0.633333333333333,0,1.44433333333333
additive,1.16,17,0.84,0.566666666666667,0,1.40666666666667
